<?xml version="1.0" encoding="UTF-8"?>
<project-private xmlns="http://www.netbeans.org/ns/project-private/1">
    <editor-bookmarks xmlns="http://www.netbeans.org/ns/editor-bookmarks/2" lastBookmarkId="0"/>
    <open-files xmlns="http://www.netbeans.org/ns/projectui-open-files/2">
        <group>
            <file>file:/C:/Users/pepep/Documents/NetBeansProjects/simpos/src/Transaksi/kasir.java</file>
            <file>file:/C:/Users/pepep/Documents/NetBeansProjects/simpos/src/Transaksi/barang.java</file>
            <file>file:/C:/Users/pepep/Documents/NetBeansProjects/simpos/src/master/master.java</file>
        </group>
    </open-files>
</project-private>
